{
    "inputDelayedDescriptorReplicationFactor": [],
    "inputShortDelayedDescriptorReplicationFactor": [],
    "inputExtendedDelayedDescriptorReplicationFactor": [],
    "number_header_rows": 1,
    "column_names_row": 1,
    "header": [
        {
            "eccodes_key": "edition",
            "value": "const:4"
        },
        {
            "eccodes_key": "masterTableNumber",
            "value": "const:0"
        },
        {
            "eccodes_key": "dataCategory",
            "value": "const:0"
        },
        {
            "eccodes_key": "internationalDataSubCategory",
            "value": "const:6"
        },
        {
            "eccodes_key": "masterTablesVersionNumber",
            "value": "const:39"
        },
        {
            "eccodes_key": "typicalYear",
            "value": "data:year"
        },
        {
            "eccodes_key": "typicalMonth",
            "value": "data:month"
        },
        {
            "eccodes_key": "typicalDay",
            "value": "data:day"
        },
        {
            "eccodes_key": "typicalHour",
            "value": "data:hour"
        },
        {
            "eccodes_key": "typicalMinute",
            "value": "data:minute"
        },
        {
            "eccodes_key": "numberOfSubsets",
            "value": "const:1"
        },
        {
            "eccodes_key": "observedData",
            "value": "const:1"
        },
        {
            "eccodes_key": "compressedData",
            "value": "const:0"
        },
        {
            "eccodes_key": "unexpandedDescriptors",
            "value": "array:301150,301011,301012,301023,7031,10004,12101,13009"
        }
    ],
    "data": [
        {
            "eccodes_key": "#1#wigosIdentifierSeries",
            "value": "data:wigosIdentifierSeries",
            "valid_min": "const:0",
            "valid_max": "const:14",
            "scale": "const:0",
            "offset": "const:0"
        },
        {
            "eccodes_key": "#1#wigosIssuerOfIdentifier",
            "value": "data:wigosIssuerOfIdentifier",
            "valid_min": "const:0",
            "valid_max": "const:65534",
            "scale": "const:0",
            "offset": "const:0"
        },
        {
            "eccodes_key": "#1#wigosIssueNumber",
            "value": "data:wigosIssueNumber",
            "valid_min": "const:0",
            "valid_max": "const:65534",
            "scale": "const:0",
            "offset": "const:0"
        },
        {
            "eccodes_key": "#1#wigosLocalIdentifierCharacter",
            "value": "data:wigosLocalIdentifierCharacter"
        },
        {
            "eccodes_key": "#1#year",
            "value": "data:year",
            "valid_min": "const:0",
            "valid_max": "const:4094",
            "scale": "const:0",
            "offset": "const:0"
        },
        {
            "eccodes_key": "#1#month",
            "value": "data:month",
            "valid_min": "const:0",
            "valid_max": "const:14",
            "scale": "const:0",
            "offset": "const:0"
        },
        {
            "eccodes_key": "#1#day",
            "value": "data:day",
            "valid_min": "const:0",
            "valid_max": "const:62",
            "scale": "const:0",
            "offset": "const:0"
        },
        {
            "eccodes_key": "#1#hour",
            "value": "data:hour",
            "valid_min": "const:0",
            "valid_max": "const:30",
            "scale": "const:0",
            "offset": "const:0"
        },
        {
            "eccodes_key": "#1#minute",
            "value": "data:minute",
            "valid_min": "const:0",
            "valid_max": "const:62",
            "scale": "const:0",
            "offset": "const:0"
        },
        {
            "eccodes_key": "#1#latitude",
            "value": "data:latitude",
            "valid_min": "const:-90.0",
            "valid_max": "const:237.66",
            "scale": "const:0",
            "offset": "const:0"
        },
        {
            "eccodes_key": "#1#longitude",
            "value": "data:longitude",
            "valid_min": "const:-180.0",
            "valid_max": "const:475.34",
            "scale": "const:0",
            "offset": "const:0"
        },
        {
            "eccodes_key": "#1#heightOfBarometerAboveMeanSeaLevel",
            "value": "data:heightOfBarometerAboveMeanSeaLevel",
            "valid_min": "const:-400.0",
            "valid_max": "const:12707.0",
            "scale": "const:0",
            "offset": "const:0"
        },
        {
            "eccodes_key": "#1#nonCoordinatePressure",
            "value": "data:nonCoordinatePressure",
            "valid_min": "const:0",
            "valid_max": "const:163820",
            "scale": "const:0",
            "offset": "const:0"
        },
        {
            "eccodes_key": "#1#airTemperature",
            "value": "data:airTemperature",
            "valid_min": "const:0.0",
            "valid_max": "const:655.34",
            "scale": "const:0",
            "offset": "const:0"
        },
        {
            "eccodes_key": "#1#relativeHumidity",
            "value": "data:relativeHumidity",
            "valid_min": "const:-100.0",
            "valid_max": "const:309.4",
            "scale": "const:0",
            "offset": "const:0"
        }
    ]
}