{
    "annotations": {
      "list": [
        {
          "builtIn": 1,
          "datasource": {
            "type": "grafana",
            "uid": "-- Grafana --"
          },
          "enable": true,
          "hide": true,
          "iconColor": "rgba(0, 211, 255, 1)",
          "name": "Annotations & Alerts",
          "target": {
            "limit": 100,
            "matchAny": false,
            "tags": [],
            "type": "dashboard"
          },
          "type": "dashboard"
        }
      ]
    },
    "editable": true,
    "fiscalYearStartMonth": 0,
    "graphTooltip": 0,
    "id": 3,
    "links": [],
    "liveNow": false,
    "panels": [
      {
        "datasource": {
          "type": "prometheus",
          "uid": "PABAFD29CE247021E"
        },
        "fieldConfig": {
          "defaults": {
            "color": {
              "mode": "thresholds"
            },
            "mappings": [],
            "thresholds": {
              "mode": "absolute",
              "steps": [
                {
                  "color": "green",
                  "value": null
                },
                {
                  "color": "red",
                  "value": 80
                }
              ]
            }
          },
          "overrides": []
        },
        "gridPos": {
          "h": 18,
          "w": 4,
          "x": 0,
          "y": 0
        },
        "id": 5,
        "options": {
          "colorMode": "value",
          "graphMode": "none",
          "justifyMode": "center",
          "orientation": "horizontal",
          "reduceOptions": {
            "calcs": [
              "lastNotNull"
            ],
            "fields": "",
            "values": false
          },
          "textMode": "auto"
        },
        "pluginVersion": "9.0.3",
        "targets": [
          {
            "datasource": {
              "type": "prometheus",
              "uid": "PABAFD29CE247021E"
            },
            "editorMode": "builder",
            "expr": "minio_bucket_usage_object_total",
            "legendFormat": "{{bucket}}",
            "range": true,
            "refId": "A"
          }
        ],
        "title": "Total objects stored per bucket",
        "type": "stat"
      },
      {
        "datasource": {
          "type": "prometheus",
          "uid": "PABAFD29CE247021E"
        },
        "fieldConfig": {
          "defaults": {
            "color": {
              "fixedColor": "green",
              "mode": "fixed"
            },
            "decimals": 1,
            "mappings": [],
            "min": 0,
            "thresholds": {
              "mode": "absolute",
              "steps": [
                {
                  "color": "green",
                  "value": null
                },
                {
                  "color": "red",
                  "value": 80
                }
              ]
            },
            "unit": "decbytes"
          },
          "overrides": []
        },
        "gridPos": {
          "h": 18,
          "w": 4,
          "x": 4,
          "y": 0
        },
        "id": 6,
        "options": {
          "colorMode": "value",
          "graphMode": "none",
          "justifyMode": "center",
          "orientation": "horizontal",
          "reduceOptions": {
            "calcs": [
              "lastNotNull"
            ],
            "fields": "",
            "values": false
          },
          "textMode": "auto"
        },
        "pluginVersion": "9.0.3",
        "targets": [
          {
            "datasource": {
              "type": "prometheus",
              "uid": "PABAFD29CE247021E"
            },
            "editorMode": "builder",
            "expr": "minio_bucket_usage_total_bytes",
            "legendFormat": "{{bucket}}",
            "range": true,
            "refId": "A"
          }
        ],
        "title": "Total MB stored per bucket",
        "type": "stat"
      },
      {
        "datasource": {
          "type": "prometheus",
          "uid": "PABAFD29CE247021E"
        },
        "description": "",
        "fieldConfig": {
          "defaults": {
            "color": {
              "mode": "palette-classic"
            },
            "custom": {
              "axisLabel": "",
              "axisPlacement": "auto",
              "barAlignment": 0,
              "drawStyle": "line",
              "fillOpacity": 0,
              "gradientMode": "none",
              "hideFrom": {
                "legend": false,
                "tooltip": false,
                "viz": false
              },
              "lineInterpolation": "linear",
              "lineWidth": 1,
              "pointSize": 5,
              "scaleDistribution": {
                "type": "linear"
              },
              "showPoints": "auto",
              "spanNulls": false,
              "stacking": {
                "group": "A",
                "mode": "none"
              },
              "thresholdsStyle": {
                "mode": "off"
              }
            },
            "mappings": [],
            "thresholds": {
              "mode": "absolute",
              "steps": [
                {
                  "color": "green",
                  "value": null
                },
                {
                  "color": "red",
                  "value": 80
                }
              ]
            }
          },
          "overrides": []
        },
        "gridPos": {
          "h": 10,
          "w": 11,
          "x": 8,
          "y": 0
        },
        "id": 3,
        "options": {
          "legend": {
            "calcs": [],
            "displayMode": "list",
            "placement": "bottom"
          },
          "tooltip": {
            "mode": "single",
            "sort": "none"
          }
        },
        "targets": [
          {
            "datasource": {
              "type": "prometheus",
              "uid": "PABAFD29CE247021E"
            },
            "editorMode": "builder",
            "expr": "rate(minio_bucket_traffic_sent_bytes[$__rate_interval])",
            "legendFormat": "{{bucket}}",
            "range": true,
            "refId": "A"
          }
        ],
        "title": "Traffic sent bytes rate",
        "type": "timeseries"
      },
      {
        "datasource": {
          "type": "prometheus",
          "uid": "PABAFD29CE247021E"
        },
        "description": "",
        "fieldConfig": {
          "defaults": {
            "color": {
              "mode": "palette-classic"
            },
            "custom": {
              "axisLabel": "",
              "axisPlacement": "auto",
              "barAlignment": 0,
              "drawStyle": "line",
              "fillOpacity": 0,
              "gradientMode": "none",
              "hideFrom": {
                "legend": false,
                "tooltip": false,
                "viz": false
              },
              "lineInterpolation": "linear",
              "lineWidth": 1,
              "pointSize": 5,
              "scaleDistribution": {
                "type": "linear"
              },
              "showPoints": "auto",
              "spanNulls": false,
              "stacking": {
                "group": "A",
                "mode": "none"
              },
              "thresholdsStyle": {
                "mode": "off"
              }
            },
            "mappings": [],
            "thresholds": {
              "mode": "absolute",
              "steps": [
                {
                  "color": "green",
                  "value": null
                },
                {
                  "color": "red",
                  "value": 80
                }
              ]
            }
          },
          "overrides": []
        },
        "gridPos": {
          "h": 8,
          "w": 11,
          "x": 8,
          "y": 10
        },
        "id": 2,
        "options": {
          "legend": {
            "calcs": [],
            "displayMode": "list",
            "placement": "bottom"
          },
          "tooltip": {
            "mode": "single",
            "sort": "none"
          }
        },
        "targets": [
          {
            "datasource": {
              "type": "prometheus",
              "uid": "PABAFD29CE247021E"
            },
            "editorMode": "builder",
            "expr": "rate(minio_bucket_traffic_received_bytes[$__rate_interval])",
            "legendFormat": "{{bucket}}",
            "range": true,
            "refId": "A"
          }
        ],
        "title": "Traffic received bytes rate",
        "type": "timeseries"
      }
    ],
    "schemaVersion": 36,
    "style": "dark",
    "tags": [],
    "templating": {
      "list": []
    },
    "time": {
      "from": "now-6h",
      "to": "now"
    },
    "timepicker": {},
    "timezone": "",
    "title": "Storage statistics",
    "uid": "XCoSx0g4z",
    "version": 1,
    "weekStart": ""
  }